[
	{
		"les_id":101,
		"les_name":"Γλωσσική Διδασκαλία",
		"_class":"A",
		"weekly_hours":3
	},
	{
		"les_id":201,
		"les_name":"Γλωσσική Διδασκαλία",
		"_class":"B",
		"weekly_hours":2
	},
	{
		"les_id":301,
		"les_name":"Γλωσσική Διδασκαλία",
		"_class":"C",
		"weekly_hours":2
	},
	{
		"les_id":102,
		"les_name":"Νεοελληνική Λογοτεχνία",
		"_class":"A",
		"weekly_hours":2
	},
	{
		"les_id":202,
		"les_name":"Νεοελληνική Λογοτεχνία",
		"_class":"B",
		"weekly_hours":2
	},
	{
		"les_id":302,
		"les_name":"Νεοελληνική Λογοτεχνία",
		"_class":"C",
		"weekly_hours":2
	},
	{
		"les_id":103,
		"les_name":"Αρχαία Ελληνική Γλώσσα",
		"_class":"A",
		"weekly_hours":2
	},
	{
		"les_id":203,
		"les_name":"Αρχαία Ελληνική Γλώσσα",
		"_class":"B",
		"weekly_hours":2
	},
	{
		"les_id":303,
		"les_name":"Αρχαία Ελληνική Γλώσσα",
		"_class":"C",
		"weekly_hours":2
	},
	{
		"les_id":104,
		"les_name":"Αρχαία Ελληνικά Κείμενα από Μετάφραση",
		"_class":"A",
		"weekly_hours":2
	},
	{
		"les_id":204,
		"les_name":"Αρχαία Ελληνικά Κείμενα από Μετάφραση",
		"_class":"B",
		"weekly_hours":2
	},
	{
		"les_id":304,
		"les_name":"Αρχαία Ελληνικά Κείμενα από Μετάφραση",
		"_class":"C",
		"weekly_hours":2
	},
	{
		"les_id":105,
		"les_name":"Μαθηματικά",
		"_class":"A",
		"weekly_hours":4
	},
	{
		"les_id":205,
		"les_name":"Μαθηματικά",
		"_class":"B",
		"weekly_hours":4
	},
	{
		"les_id":305,
		"les_name":"Μαθηματικά",
		"_class":"C",
		"weekly_hours":4
	},
	{
		"les_id":106,
		"les_name":"Φυσική",
		"_class":"A",
		"weekly_hours":1
	},
	{
		"les_id":206,
		"les_name":"Φυσική",
		"_class":"B",
		"weekly_hours":2
	},
	{
		"les_id":306,
		"les_name":"Φυσική",
		"_class":"C",
		"weekly_hours":2
	},
	{
		"les_id":207,
		"les_name":"Χημεία",
		"_class":"B",
		"weekly_hours":1
	},
	{
		"les_id":307,
		"les_name":"Χημεία",
		"_class":"C",
		"weekly_hours":1
	},
	{
		"les_id":108,
		"les_name":"Βιολογία",
		"_class":"A",
		"weekly_hours":1
	},
	{
		"les_id":208,
		"les_name":"Βιολογία",
		"_class":"B",
		"weekly_hours":1
	},
	{
		"les_id":308,
		"les_name":"Βιολογία",
		"_class":"C",
		"weekly_hours":1
	},
	{
		"les_id":109,
		"les_name":"Γεωγραφία",
		"_class":"A",
		"weekly_hours":1
	},
	{
		"les_id":209,
		"les_name":"Γεωγραφία",
		"_class":"B",
		"weekly_hours":2
	},
	{
		"les_id":110,
		"les_name":"Οικιακή Οικονομία",
		"_class":"A",
		"weekly_hours":2
	},
	{
		"les_id":111,
		"les_name":"Ιστορία",
		"_class":"A",
		"weekly_hours":2
	},
	{
		"les_id":211,
		"les_name":"Ιστορία",
		"_class":"B",
		"weekly_hours":2
	},
	{
		"les_id":311,
		"les_name":"Ιστορία",
		"_class":"C",
		"weekly_hours":2
	},
	{
		"les_id":312,
		"les_name":"Κ.Π.Α.",
		"_class":"C",
		"weekly_hours":2
	},
	{
		"les_id":113,
		"les_name":"Θρησκευτικά",
		"_class":"A",
		"weekly_hours":2
	},
	{
		"les_id":213,
		"les_name":"Θρησκευτικά",
		"_class":"B",
		"weekly_hours":2
	},
	{
		"les_id":313,
		"les_name":"Θρησκευτικά",
		"_class":"C",
		"weekly_hours":2
	},
	{
		"les_id":114,
		"les_name":"Αγγλικά",
		"_class":"A",
		"weekly_hours":2
	},
	{
		"les_id":214,
		"les_name":"Αγγλικά",
		"_class":"B",
		"weekly_hours":2
	},
	{
		"les_id":314,
		"les_name":"Αγγλικά",
		"_class":"C",
		"weekly_hours":2
	},
	{
		"les_id":115,
		"les_name":"Ξένη Γλώσσα",
		"_class":"A",
		"weekly_hours":2
	},
	{
		"les_id":215,
		"les_name":"Ξένη Γλώσσα",
		"_class":"B",
		"weekly_hours":2
	},
	{
		"les_id":315,
		"les_name":"Ξένη Γλώσσα",
		"_class":"C",
		"weekly_hours":2
	},
	{
		"les_id":116,
		"les_name":"Φυσική Αγωγή",
		"_class":"A",
		"weekly_hours":2
	},
	{
		"les_id":216,
		"les_name":"Φυσική Αγωγή",
		"_class":"B",
		"weekly_hours":2
	},
	{
		"les_id":316,
		"les_name":"Φυσική Αγωγή",
		"_class":"C",
		"weekly_hours":2
	},
	{
		"les_id":117,
		"les_name":"Τεχνολογία",
		"_class":"A",
		"weekly_hours":1
	},
	{
		"les_id":217,
		"les_name":"Τεχνολογία",
		"_class":"B",
		"weekly_hours":1
	},
	{
		"les_id":317,
		"les_name":"Τεχνολογία",
		"_class":"C",
		"weekly_hours":1
	},
	{
		"les_id":118,
		"les_name":"Πληροφορική",
		"_class":"A",
		"weekly_hours":1
	},
	{
		"les_id":218,
		"les_name":"Πληροφορική",
		"_class":"B",
		"weekly_hours":1
	},
	{
		"les_id":318,
		"les_name":"Πληροφορική",
		"_class":"C",
		"weekly_hours":1
	},
	{
		"les_id":119,
		"les_name":"Μουσική",
		"_class":"A",
		"weekly_hours":1
	},
	{
		"les_id":219,
		"les_name":"Μουσική",
		"_class":"B",
		"weekly_hours":1
	},
	{
		"les_id":319,
		"les_name":"Μουσική",
		"_class":"C",
		"weekly_hours":1
	},
	{
		"les_id":120,
		"les_name":"Καλλιτεχνικά",
		"_class":"A",
		"weekly_hours":1
	},
	{
		"les_id":220,
		"les_name":"Καλλιτεχνικά",
		"_class":"B",
		"weekly_hours":1
	},
	{
		"les_id":320,
		"les_name":"Καλλιτεχνικά",
		"_class":"C",
		"weekly_hours":1
	}
]

