[
	{
		"name":"AK",	
		"teacher_id":101,
		"lesson_id":[101,201,301,102,202,302,103,203,303,104,204,304,111,211,311],
		"max_hours":12
	},
	{
		"name":"MK",	
		"teacher_id":102,
		"lesson_id":[101,201,301,102,202,302,103,203,303,104,204,304,111,211,311],
		"max_hours":12
	},
	{
		"name":"PG",	
		"teacher_id":103,
		"lesson_id":[101,201,301,102,202,302,103,203,303,104,204,304,111,211,311],
		"max_hours":12
	},
	{
		"name":"OK",	
		"teacher_id":104,
		"lesson_id":[101,201,301,102,202,302,103,203,303,104,204,304,111,211,311],
		"max_hours":12
	},
	{
		"name":"KK",	
		"teacher_id":105,
		"lesson_id":[101,201,301,102,202,302,103,203,303,104,204,304,111,211,311],
		"max_hours":12
	},
	{
		"name":"LG",	
		"teacher_id":106,
		"lesson_id":[101,201,301,102,202,302,103,203,303,104,204,304,111,211,311],
		"max_hours":12
	},
	{
		"name":"PP",	
		"teacher_id":107,
		"lesson_id":[101,201,301,102,202,302,103,203,303,104,204,304,111,211,311],
		"max_hours":12
	},
	{
		"name":"ZZ",	
		"teacher_id":108,
		"lesson_id":[101,201,301,102,202,302,103,203,303,104,204,304,111,211,311],
		"max_hours":12
	},
	{
		"name":"FT",	
		"teacher_id":109,
		"lesson_id":[101,201,301,102,202,302,103,203,303,104,204,304,111,211,311],
		"max_hours":12
	},
	{
		"name":"QQ",	
		"teacher_id":110,
		"lesson_id":[101,201,301,102,202,302,103,203,303,104,204,304,111,211,311],
		"max_hours":12
	},
	{
		"name":"BK",	
		"teacher_id":201,
		"lesson_id":[106,206,306,207,307,108,208,308,109,209],
		"max_hours":6
	},
	{
		"name":"LK",	
		"teacher_id":202,
		"lesson_id":[106,206,306,207,307,108,208,308,109,209],
		"max_hours":6
	},
	{
		"name":"PK",	
		"teacher_id":203,
		"lesson_id":[106,206,306,207,307,108,208,308,109,209],
		"max_hours":6
	},
	{
		"name":"PR",	
		"teacher_id":204,
		"lesson_id":[106,206,306,207,307,108,208,308,109,209],
		"max_hours":6
	},
	{
		"name":"WW",	
		"teacher_id":205,
		"lesson_id":[106,206,306,207,307,108,208,308,109,209],
		"max_hours":6
	},
	{
		"name":"HH",	
		"teacher_id":206,
		"lesson_id":[106,206,306,207,307,108,208,308,109,209],
		"max_hours":6
	},
	{
		"name":"FR",	
		"teacher_id":207,
		"lesson_id":[106,206,306,207,307,108,208,308,109,209],
		"max_hours":6
	},
	{
		"name":"FK",	
		"teacher_id":301,
		"lesson_id":[105,205,305],
		"max_hours":8
	},
	{
		"name":"YT",	
		"teacher_id":302,
		"lesson_id":[105,205,305],
		"max_hours":8
	},
	{
		"name":"PY",	
		"teacher_id":303,
		"lesson_id":[105,205,305],
		"max_hours":8
	},
	{
		"name":"LT",	
		"teacher_id":304,
		"lesson_id":[105,205,305],
		"max_hours":8
	},
	{
		"name":"HT",	
		"teacher_id":305,
		"lesson_id":[105,205,305],
		"max_hours":8
	},
	{
		"name":"SD",	
		"teacher_id":401,
		"lesson_id":[110],
		"max_hours":6
	},
	{
		"name":"OO",	
		"teacher_id":501,
		"lesson_id":[312],
		"max_hours":6
	},
	{
		"name":"JJ",	
		"teacher_id":601,
		"lesson_id":[113,213,313],
		"max_hours":18
	},
	{
		"name":"LR",	
		"teacher_id":701,
		"lesson_id":[114,214,314],
		"max_hours":18
	},
	{
		"name":"XG",	
		"teacher_id":801,
		"lesson_id":[115,215,315],
		"max_hours":18
	},
	{
		"name":"MM",	
		"teacher_id":901,
		"lesson_id":[116,216,316],
		"max_hours":10
	},
	{
		"name":"AA",	
		"teacher_id":902,
		"lesson_id":[116,216,316],
		"max_hours":10
	},
	{
		"name":"BO",	
		"teacher_id":1001,
		"lesson_id":[117,217,317,118,218,318],
		"max_hours":18
	},
	{
		"name":"MS",	
		"teacher_id":1101,
		"lesson_id":[119,219,319],
		"max_hours":9
	},
	{
		"name":"LD",	
		"teacher_id":1201,
		"lesson_id":[120,220,320],
		"max_hours":9
	}
]